id,link,obra
1,"https://i.redd.it/some-of-my-favorite-musashi-panels-i-just-wish-the-hiatus-v0-90kzv4hhbis81.jpg?width=750&format=pjpg&auto=webp&s=9fc6609a35865ea1680103b6b6c06cd265b5c2be","Vagabond"
2,"https://i.redd.it/are-these-the-most-iconic-panels-in-vagabond-v0-teqfzpcxy1sb1.jpg?width=1041&format=pjpg&auto=webp&s=560d8bf807975cf434f5de9dff4be85d18103e88","Vagabond"
3,"https://c4.wallpaperflare.com/wallpaper/943/424/1010/vagabond-takehiko-inoue-wallpaper-preview.jpg","Vagabond"
4,"https://i0.wp.com/www.spielanime.com/wp-content/uploads/2023/05/Top-5-most-aesthetics-drawn-Manga-panels-6.jpg","Vagabond"
5,"https://i.redd.it/some-of-my-favorite-musashi-panels-i-just-wish-the-hiatus-v0-dkpznshhbis81.jpg?width=737&format=pjpg&auto=webp&s=1b9bc55bbd8a80533e82e1d6c23c03e45574e61c","Vagabond"
6,"https://i.pinimg.com/736x/a8/8e/cf/a88ecf0d3d9002af83163ba46b00d3d3.jpg","Berserk"
7,"https://static0.srcdn.com/wordpress/wp-content/uploads/2018/12/Berserk-Manga-Guts-Swings-Sword.jpg","Berserk"
8,"https://img.odcdn.com.br/wp-content/uploads/2021/05/legiao__W87RhLNaD6M.jpg.jpeg","Berserk"
9,"https://i.pinimg.com/564x/50/40/1a/50401a8d0e62343c5830858d6c3722d0.jpg","Berserk"
10,"https://preview.redd.it/someone-knows-of-which-chapter-is-of-this-panel-of-v0-wej0pinapj6a1.png?auto=webp&s=f0c0f93eaa1924a19a94ef72a341647342b76e56","Berserk"
11,"https://preview.redd.it/high-quality-berserk-panels-pt-2-v0-csn2dludyzca1.jpg?width=640&crop=smart&auto=webp&s=182b8f9b662de2f0f71597d0171ff4ac7d1bb54b","Berserk"
12,"https://thereviewmonster.files.wordpress.com/2021/07/guts-griffith-e1626148461550.jpg?w=967","Berserk"
13,"https://qph.cf2.quoracdn.net/main-qimg-841c87f4643b90a60afbd167014c3b4e-lq","Berserk"
14,"https://static.wikia.nocookie.net/berserk/images/3/31/Manga_E303_Skull_Knight_Ambushes_Femto.png/revision/latest/scale-to-width-down/2889?cb=20190329171026","Berserk"
15,"https://www.teahub.io/photos/full/345-3458013_guts-berserk-wallpaper-manga.jpg","Berserk"
16,"https://i.pinimg.com/originals/9c/c5/30/9cc530e3aacd3061ca08bdb096a574f8.png","Vagabond"
17,"https://i.pinimg.com/736x/06/3d/82/063d824a08ccd0a989555be530cc6af0.jpg","Vagabond"
18,"https://i.pinimg.com/originals/93/23/a7/9323a7adcd8141262326929d05cd2be6.png","Vagabond"
19,"https://pbs.twimg.com/media/FlBINPvWQAAQm6v.jpg:large","Vagabond"
20,"https://pbs.twimg.com/media/FK1tNc3X0AAB-dS.jpg","Vagabond"